family_code,family_zh,family,spid,zh_name,name,en_name,reg_tw,reg_matsu,reg_kinmen,tw_endemic,consv_status,note
C01,雁鴨科,Anatidae,1,樹鴨,Dendrocygna javanica,Lesser Whistling-Duck,迷,無,無,,,
C01,雁鴨科,Anatidae,2,鴻雁,Anser cygnoides,Swan Goose,冬、稀,無,冬、稀,,,
C01,雁鴨科,Anatidae,3,寒林豆雁 ,Anser fabalis,Taiga Bean-Goose,冬、稀,過、稀,冬、稀,,,
C01,雁鴨科,Anatidae,4,凍原豆雁 ,Anser serrirostris,Tundra Bean-Goose,冬、稀,過、稀,冬、稀,,,
C01,雁鴨科,Anatidae,5,白額雁,Anser albifrons,Greater White-fronted Goose,冬、稀,冬、稀,冬、稀,,,
C01,雁鴨科,Anatidae,6,小白額雁,Anser erythropus,Lesser White-fronted Goose,過、稀,無,無,,,
C01,雁鴨科,Anatidae,7,灰雁,Anser anser,Graylag Goose,迷,無,無,,,
C01,雁鴨科,Anatidae,8,黑雁,Branta bernicla,Brant,迷,無,無,,,
C01,雁鴨科,Anatidae,9,小加拿大雁,Branta hutchinsii,Cackling Goose,迷,無,無,,,
C01,雁鴨科,Anatidae,10,疣鼻天鵝,Cygnus olor,Mute Swan,迷,無,無,,,
C01,雁鴨科,Anatidae,11,小天鵝,Cygnus columbianus,Tundra Swan,迷,無,迷,,,
C01,雁鴨科,Anatidae,12,黃嘴天鵝,Cygnus cygnus,Whooper Swan,迷,無,迷,,,
C01,雁鴨科,Anatidae,13,瀆鳧,Tadorna ferruginea,Ruddy Shelduck,冬、稀,無,冬、稀,,,
C01,雁鴨科,Anatidae,14,花鳧,Tadorna tadorna,Common Shelduck,冬、稀,無,冬、稀,,,
C01,雁鴨科,Anatidae,15,棉鴨,Nettapus coromandelianus,Cotton Pygmy-Goose,迷,無,迷,,,
C01,雁鴨科,Anatidae,16,鴛鴦,Aix galericulata,Mandarin Duck,留、不普/過、稀,過、稀,過、稀,,II,
C01,雁鴨科,Anatidae,17,赤膀鴨,Anas strepera,Gadwall,冬、不普,冬、稀,冬、稀,,,
C01,雁鴨科,Anatidae,18,羅文鴨,Anas falcata,Falcated Duck,冬、稀,冬、稀,冬、不普,,,
C01,雁鴨科,Anatidae,19,赤頸鴨,Anas penelope,Eurasian Wigeon,冬、普,過、不普,冬、普,,,
C01,雁鴨科,Anatidae,20,葡萄胸鴨,Anas americana,American Wigeon,冬、稀,無,冬、稀,,,
C01,雁鴨科,Anatidae,21,綠頭鴨,Anas platyrhynchos,Mallard,冬、不普/引進種、稀,過、不普,冬、不普,,,
C01,雁鴨科,Anatidae,22,花嘴鴨,Anas zonorhyncha,Eastern Spot-billed Duck,留、不普/冬、不普,過、稀,留、普,,,
C01,雁鴨科,Anatidae,23,呂宋鴨,Anas luzonica,Philippine Duck,迷,無,無,,,
C01,雁鴨科,Anatidae,24,琵嘴鴨,Anas clypeata,Northern Shoveler,冬、普,過、稀,冬、不普,,,
C01,雁鴨科,Anatidae,25,尖尾鴨,Anas acuta,Northern Pintail,冬、普,過、不普,冬、普,,,
C01,雁鴨科,Anatidae,26,白眉鴨,Anas querquedula,Garganey,冬、稀/過、普,過、稀,冬、不普,,,
C01,雁鴨科,Anatidae,27,巴鴨,Anas formosa,Baikal Teal,冬、稀,過、稀,冬、稀,,II,
C01,雁鴨科,Anatidae,28,小水鴨,Anas crecca,Green-winged Teal,冬、普,過、不普,冬、普,,,
C01,雁鴨科,Anatidae,29,赤嘴潛鴨,Netta rufina,Red-crested Pochard,迷,無,無,,,
C01,雁鴨科,Anatidae,30,帆背潛鴨,Aythya valisineria,Canvasback,迷,無,無,,,
C01,雁鴨科,Anatidae,31,紅頭潛鴨,Aythya ferina,Common Pochard,冬、稀,無,冬、稀,,,
C01,雁鴨科,Anatidae,32,青頭潛鴨,Aythya baeri,Baer's Pochard,冬、稀,無,迷,,,
C01,雁鴨科,Anatidae,33,白眼潛鴨,Aythya nyroca,Ferruginous Duck,迷,無,無,,,
C01,雁鴨科,Anatidae,34,鳳頭潛鴨,Aythya fuligula,Tufted Duck,冬、普,過、稀,冬、稀,,,
C01,雁鴨科,Anatidae,35,斑背潛鴨,Aythya marila,Greater Scaup,冬、稀,無,冬、稀,,,
C01,雁鴨科,Anatidae,36,長尾鴨,Clangula hyemalis,Long-tailed Duck,迷,無,無,,,
C01,雁鴨科,Anatidae,37,鵲鴨,Bucephala clangula,Common Goldeneye,過、稀,無,迷,,,
C01,雁鴨科,Anatidae,38,白秋沙,Mergellus albellus,Smew,過、稀,無,無,,,
C01,雁鴨科,Anatidae,39,川秋沙,Mergus merganser,Common Merganser,迷,無,迷,,,
C01,雁鴨科,Anatidae,40,紅胸秋沙,Mergus serrator,Red-breasted Merganser,冬、稀,冬、稀,迷,,,
C01,雁鴨科,Anatidae,41,唐秋沙,Mergus squamatus,Scaly-sided Merganser,冬、稀,無,無,,,
C02,雉科,Phasianidae,42,鵪鶉,Coturnix japonica,Japanese Quail,過、稀,過、稀,過、稀,,,
C02,雉科,Phasianidae,43,小鵪鶉,Synoicus chinensis,Blue-breasted Quail,留、稀,無,無,,II,
C02,雉科,Phasianidae,44,台灣山鷓鴣,Arborophila crudigularis,Taiwan Partridge,留、不普,無,無,特有種,III,
C02,雉科,Phasianidae,45,台灣竹雞,Bambusicola sonorivox,Taiwan Bamboo-Partridge,留、普,無,無,特有種,,
C02,雉科,Phasianidae,46,藍腹鷴,Lophura swinhoii,Swinhoe's Pheasant,留、不普,無,無,特有種,II,
C02,雉科,Phasianidae,47,黑長尾雉,Syrmaticus mikado,Mikado Pheasant,留、稀,無,無,特有種,II,
C02,雉科,Phasianidae,48,環頸雉,Phasianus colchicus,Ring-necked Pheasant,特亞、稀/雜、不普,無,引進種、普,特有亞種(P. c. formosanus),II,
C03,潛鳥科,Gaviidae,49,紅喉潛鳥,Gavia stellata,Red-throated Loon,迷,冬、稀,冬、稀,,,
C03,潛鳥科,Gaviidae,50,黑喉潛鳥,Gavia arctica,Arctic Loon,迷,無,迷,,,
C03,潛鳥科,Gaviidae,51,太平洋潛鳥,Gavia pacifica,Pacific Loon,迷,無,無,,,
C03,潛鳥科,Gaviidae,52,白嘴潛鳥,Gavia adamsii,Yellow-billed Loon,無,迷,無,,,
C04,鸊鷉科,Podicipedidae,53,小鸊鷉,Tachybaptus ruficollis,Little Grebe,留、普/冬、普,冬、稀/過、不普,留、普,,,
C04,鸊鷉科,Podicipedidae,54,角鸊鷉,Podiceps auritus,Horned Grebe,冬、稀,過、稀,冬、稀,,,
C04,鸊鷉科,Podicipedidae,55,赤頸鸊鷉,Podiceps grisegena,Red-necked Grebe,無,迷,無,,,
C04,鸊鷉科,Podicipedidae,56,冠鸊鷉,Podiceps cristatus,Great Crested Grebe,冬、稀,過、稀,冬、普,,,
C04,鸊鷉科,Podicipedidae,57,黑頸鸊鷉,Podiceps nigricollis,Eared Grebe,冬、稀,過、稀,冬、稀,,,
C05,信天翁科,Diomedeidae,58,黑背信天翁,Phoebastria immutabilis,Laysan Albatross,海、迷,無,無,,,
C05,信天翁科,Diomedeidae,59,黑腳信天翁,Phoebastria nigripes,Black-footed Albatross,海、稀,無,海、稀,,I,
C05,信天翁科,Diomedeidae,60,短尾信天翁,Phoebastria albatrus,Short-tailed Albatross,海、稀,無,海、稀,,I,
C06,鸌科,Procellariidae,61,白腹穴鳥,Pterodroma hypoleuca,Bonin Petrel,海、稀,無,無,,,
C06,鸌科,Procellariidae,62,穴鳥,Bulweria bulwerii,Bulwer's Petrel,海、普,夏、不普,無,,,
C06,鸌科,Procellariidae,63,黑背白腹穴鳥,Pseudobulweria rostrata,Tahiti Petrel,海、迷,無,無,,,
C06,鸌科,Procellariidae,64,大水薙鳥,Calonectris leucomelas,Streaked Shearwater,海、普,海、不普,無,,,
C06,鸌科,Procellariidae,65,肉足水薙鳥,Ardenna carneipes,Flesh-footed Shearwater,海、迷,無,無,,,
C06,鸌科,Procellariidae,66,長尾水薙鳥,Ardenna pacificus,Wedge-tailed Shearwater,海、稀,無,無,,,
C06,鸌科,Procellariidae,67,灰水薙鳥,Ardenna griseus,Sooty Shearwater,海、稀,海、稀,無,,,
C06,鸌科,Procellariidae,68,短尾水薙鳥,Ardenna tenuirostris,Short-tailed Shearwater,海、稀,海、稀,無,,,
C07,海燕科,Hydrobatidae,69,白腰叉尾海燕,Oceanodroma leucorhoa,Leach's Storm-Petrel,無,海、迷,無,,,
C07,海燕科,Hydrobatidae,70,黑叉尾海燕,Oceanodroma monorhis,Swinhoe's Storm-Petrel,海、不普,海、稀,無,,,
C07,海燕科,Hydrobatidae,71,褐翅叉尾海燕,Oceanodroma tristrami,Tristram's Storm-Petrel,海、迷,無,無,,,
C08,熱帶鳥科,Phaethontidae,72,白尾熱帶鳥,Phaethon lepturus,White-tailed Tropicbird,海、迷,無,無,,,
C08,熱帶鳥科,Phaethontidae,73,紅嘴熱帶鳥,Phaethon aethereus,Red-billed Tropicbird,海、迷,無,無,,,
C08,熱帶鳥科,Phaethontidae,74,紅尾熱帶鳥,Phaethon rubricauda,Red-tailed Tropicbird,海、稀,無,無,,,
C09,鸛科,Ciconiidae,75,黑鸛,Ciconia nigra,Black Stork,冬、稀/過、稀,無,冬、稀,,II,
C09,鸛科,Ciconiidae,76,東方白鸛,Ciconia boyciana,Oriental Stork,冬、稀,過、稀,冬、稀,,I,
C10,軍艦鳥科,Fregatidae,77,軍艦鳥,Fregata minor,Great Frigatebird,海、稀,海、稀,海、稀,,,
C10,軍艦鳥科,Fregatidae,78,白斑軍艦鳥,Fregata ariel,Lesser Frigatebird,海、稀,海、稀,海、稀,,,
C11,鰹鳥科,Sulidae,79,藍臉鰹鳥,Sula dactylatra,Masked Booby,海、稀,無,無,,,
C11,鰹鳥科,Sulidae,80,白腹鰹鳥,Sula leucogaster,Brown Booby,海、普,過、稀,過、稀,,,
C11,鰹鳥科,Sulidae,81,紅腳鰹鳥,Sula sula,Red-footed Booby,海、稀,海、稀,無,,,
C12,鸕鷀科,Phalacrocoracidae,82,鸕鷀,Phalacrocorax carbo,Great Cormorant,冬、普,冬、不普,冬、普,,,
C12,鸕鷀科,Phalacrocoracidae,83,丹氏鸕鷀,Phalacrocorax capillatus,Japanese Cormorant,冬、稀,冬、稀,迷,,,
C12,鸕鷀科,Phalacrocoracidae,84,海鸕鷀,Phalacrocorax pelagicus,Pelagic Cormorant,迷,迷,迷,,,
C13,鵜鶘科,Pelecanidae,85,卷羽鵜鶘,Pelecanus crispus,Dalmatian Pelican,迷,無,過、稀,,I,
C14,鷺科,Ardeidae,86,大麻鷺,Botaurus stellaris,Great Bittern,冬、稀,過、稀,冬、稀,,,
C14,鷺科,Ardeidae,87,黃小鷺,Ixobrychus sinensis,Yellow Bittern,留、普/夏、普,夏、不普,夏、不普/過、不普,,,
C14,鷺科,Ardeidae,88,秋小鷺,Ixobrychus eurhythmus,Schrenck's Bittern,過、稀,過、稀,過、稀,,,
C14,鷺科,Ardeidae,89,栗小鷺,Ixobrychus cinnamomeus,Cinnamon Bittern,留、不普,夏、稀,夏、稀,,,
C14,鷺科,Ardeidae,90,黃頸黑鷺,Ixobrychus flavicollis,Black Bittern,過、稀,過、稀,過、稀,,,
C14,鷺科,Ardeidae,91,蒼鷺,Ardea cinerea,Gray Heron,冬、普,冬、不普,冬、普,,,
C14,鷺科,Ardeidae,92,紫鷺,Ardea purpurea,Purple Heron,冬、稀,過、稀,過、稀,,,
C14,鷺科,Ardeidae,93,大白鷺,Ardea alba,Great Egret,冬、普/夏、稀,冬、普,冬、普,,,
C14,鷺科,Ardeidae,94,中白鷺,Mesophoyx intermedia,Intermediate Egret,冬、普/夏、稀,冬、不普,冬、不普,,,
C14,鷺科,Ardeidae,95,白臉鷺,Egretta novaehollandiae,White-faced Heron,迷,無,無,,,
C14,鷺科,Ardeidae,96,唐白鷺,Egretta eulophotes,Chinese Egret,過、不普,過、稀,過、稀/夏、稀,,II,
C14,鷺科,Ardeidae,97,小白鷺,Egretta garzetta,Little Egret,留、不普/夏、普/冬、普/過、普,留、普,留、普,,,
C14,鷺科,Ardeidae,98,岩鷺,Egretta sacra,Pacific Reef-Heron,留、不普,留、普,留、不普,,,
C14,鷺科,Ardeidae,99,白頸黑鷺,Egretta picata,Pied Heron,迷,無,無,,,
C14,鷺科,Ardeidae,100,黃頭鷺,Bubulcus ibis,Cattle Egret,留、不普/夏、普/冬、普/過、普,夏、稀/過、普,留、不普/過、不普,,,
C14,鷺科,Ardeidae,101,池鷺,Ardeola bacchus,Chinese Pond-Heron,冬、稀,夏、普/過、普,夏、不普/過、不普,,,
C14,鷺科,Ardeidae,102,爪哇池鷺,Ardeola speciosa,Javan Pond-Heron,迷,無,無,,,
C14,鷺科,Ardeidae,103,綠簑鷺,Butorides striata,Striated Heron,留、不普/過、稀,夏、 稀,過、稀,,,
C14,鷺科,Ardeidae,104,夜鷺,Nycticorax nycticorax,Black-crowned Night-Heron,留、普/冬、稀/過、稀,留、稀,留、普,,,
C14,鷺科,Ardeidae,105,棕夜鷺,Nycticorax caledonicus,Rufous Night-Heron,迷,無,無,,,
C14,鷺科,Ardeidae,106,麻鷺,Gorsachius goisagi,Japanese Night-Heron,過、稀,過、稀,無,,III,
C14,鷺科,Ardeidae,107,黑冠麻鷺,Gorsachius melanolophus,Malayan Night-Heron,留、普,無,迷,,,
C15,䴉科,Threskiornithidae,108,彩䴉,Plegadis falcinellus,Glossy Ibis,迷,無,無,,,
C15,䴉科,Threskiornithidae,109,埃及聖䴉,Threskiornis aethiopicus,Sacred Ibis,引進種、不普,引進種、稀,無,,,
C15,䴉科,Threskiornithidae,110,黑頭白䴉,Threskiornis melanocephalus,Black-headed Ibis,冬、稀/過、稀,無,過、稀,,II,
C15,䴉科,Threskiornithidae,111,朱鷺,Nipponia nippon,Crested Ibis,迷,無,無,,I,
C15,䴉科,Threskiornithidae,112,白琵鷺,Platalea leucorodia,Eurasian Spoonbill,冬、稀,過、稀,過、稀,,II,
C15,䴉科,Threskiornithidae,113,黑面琵鷺,Platalea minor,Black-faced Spoonbill,冬、不普/過、稀,過、稀,冬、不普,,I,
C16,鶚科,Pandionidae,114,魚鷹,Pandion haliaetus,Osprey,冬、不普,過、稀,留、不普,,II,
C17,鷹科,Accipitridae,115,黑翅鳶,Elanus caeruleus,Black-shouldered Kite,留、稀,留、稀,留、不普,,II,
C17,鷹科,Accipitridae,116,東方蜂鷹,Pernis ptilorhynchus,Oriental Honey-buzzard,留、不普/過、普,過、稀,過、稀,,II,
C17,鷹科,Accipitridae,117,黑冠鵑隼,Aviceda leuphotes,Black Baza,過、稀,無,迷,,II,
C17,鷹科,Accipitridae,118,禿鷲,Aegypius monachus,Cinereous Vulture,冬、稀,無,無,,II,
C17,鷹科,Accipitridae,119,大冠鷲,Spilornis cheela,Crested Serpent-Eagle,留、普,無,迷,特有亞種(S. c. hoya),II,
C17,鷹科,Accipitridae,120,熊鷹,Nisaetus nipalensis,Mountain Hawk-Eagle,留、稀,無,無,,I,
C17,鷹科,Accipitridae,121,林鵰,Ictinaetus malaiensis,Black Eagle,留、稀,無,無,,I,
C17,鷹科,Accipitridae,122,花鵰,Clanga clanga,Greater Spotted Eagle,冬、稀,過、稀,迷,,II,
C17,鷹科,Accipitridae,123,白肩鵰,Aquila heliaca,Imperial Eagle,過、稀,無,無,,II,
C17,鷹科,Accipitridae,124,白腹山鵰,Aquila fasciata,Bonelli's Eagle,無,迷,無,,,
C17,鷹科,Accipitridae,125,灰面鵟鷹,Butastur indicus,Gray-faced Buzzard,過、普/冬、稀,過、普,過、不普,,II,
C17,鷹科,Accipitridae,126,東方澤鵟,Circus spilonotus,Eastern Marsh-Harrier,冬、不普/過、不普,過、稀,過、稀,,II,
C17,鷹科,Accipitridae,127,灰澤鵟,Circus cyaneus,Northern Harrier,冬、稀/過、稀,過、稀,過、稀,,II,
C17,鷹科,Accipitridae,128,花澤鵟,Circus melanoleucos,Pied Harrier,過、稀,無,過、稀,,II,
C17,鷹科,Accipitridae,129,鳳頭蒼鷹,Accipiter trivirgatus,Crested Goshawk,留、普,迷,無,特有亞種(A. t. formosae),II,
C17,鷹科,Accipitridae,130,赤腹鷹,Accipiter soloensis,Chinese Sparrowhawk,過、普,過、普,過、稀,,II,
C17,鷹科,Accipitridae,131,日本松雀鷹,Accipiter gularis,Japanese Sparrowhawk,冬、稀/過、不普,冬、不普/過、普,過、稀,,II,
C17,鷹科,Accipitridae,132,松雀鷹,Accipiter virgatus,Besra,留、不普,過、稀,過、稀,特有亞種(A. v. fuscipectus),II,
C17,鷹科,Accipitridae,133,北雀鷹,Accipiter nisus,Eurasian Sparrowhawk,冬、稀,過、稀,過、稀,,II,
C17,鷹科,Accipitridae,134,蒼鷹,Accipiter gentilis,Northern Goshawk,冬、稀,過、稀,過、稀,,II,
C17,鷹科,Accipitridae,135,黑鳶,Milvus migrans,Black Kite,留、稀,過、稀,過、稀,,II,
C17,鷹科,Accipitridae,136,栗鳶,Haliastur indus,Brahminy Kite,迷,無,迷,,II,
C17,鷹科,Accipitridae,137,白腹海鵰,Haliaeetus leucogaster,White-bellied Sea-Eagle,迷,迷,迷,,II,
C17,鷹科,Accipitridae,138,白尾海鵰,Haliaeetus albicilla,White-tailed Eagle,冬、稀,無,無,,I,
C17,鷹科,Accipitridae,139,毛足鵟,Buteo lagopus,Rough-legged Hawk,冬、稀,無,迷,,II,
C17,鷹科,Accipitridae,140,東方鵟,Buteo japonicus,Eastern Buzzard,冬、不普/過、不普,冬、普,冬、普,,II,
C17,鷹科,Accipitridae,141,大鵟,Buteo hemilasius,Upland Buzzard,冬、稀,過、稀,過、稀,,II,
C18,秧雞科,Rallidae,142,紅腳秧雞,Rallina fasciata,Red-legged Crake,迷,迷,無,,,
C18,秧雞科,Rallidae,143,灰腳秧雞,Rallina eurizonoides,Slaty-legged Crake,留、不普,無,無,特有亞種(R. e. formosana),,
C18,秧雞科,Rallidae,144,灰胸秧雞,Gallirallus striatus,Slaty-breasted Rail,留、不普,迷,迷,特有亞種(G. s. taiwanus),,
C18,秧雞科,Rallidae,145,秧雞,Rallus indicus,Brown-cheeked Rail,冬、稀,過、稀,過、稀,,,
C18,秧雞科,Rallidae,146,紅腳苦惡鳥,Amaurornis akool,Brown Crake,無,留、稀,無,,,
C18,秧雞科,Rallidae,147,白腹秧雞,Amaurornis phoenicurus,White-breasted Waterhen,留、普,留、不普,留、普,,,
C18,秧雞科,Rallidae,148,小秧雞,Porzana pusilla,Baillon's Crake,冬、稀,過、稀,無,,,
C18,秧雞科,Rallidae,149,斑胸秧雞,Porzana porzana,Spotted Crake,迷,無,無,,,
C18,秧雞科,Rallidae,150,緋秧雞,Porzana fusca,Ruddy-breasted Crake,留、普,過、稀,留、稀,,,
C18,秧雞科,Rallidae,151,斑脇秧雞,Porzana paykullii,Band-bellied Crake,迷,迷,無,,,
C18,秧雞科,Rallidae,152,白眉秧雞,Porzana cinerea,White-browed Crake,過、稀,過、稀,無,,,
C18,秧雞科,Rallidae,153,董雞,Gallicrex cinerea,Watercock,夏、稀,過、稀,過、稀,,,
C18,秧雞科,Rallidae,154,紫水雞,Porphyrio indicus,Black-backed Swamphen,迷,無,無,,,
C18,秧雞科,Rallidae,155,紅冠水雞,Gallinula chloropus,Eurasian Moorhen,留、普,過、稀,留、普,,,
C18,秧雞科,Rallidae,156,白冠雞,Fulica atra,Eurasian Coot,冬、不普,過、稀,冬、普,,,
C19,鶴科,Gruidae,157,簑羽鶴,Anthropoides virgo,Demoiselle Crane,迷,無,無,,II,
C19,鶴科,Gruidae,158,白鶴,Leucogeranus leucogeranus,Siberian Crane,迷,無,無,,,
C19,鶴科,Gruidae,159,白枕鶴,Grus vipio,White-naped Crane,迷,無,無,,I,
C19,鶴科,Gruidae,160,灰鶴,Grus grus,Common Crane,迷,無,無,,II,
C19,鶴科,Gruidae,161,白頭鶴,Grus monacha,Hooded Crane,迷,無,無,,I,
C19,鶴科,Gruidae,162,丹頂鶴,Grus japonensis,Red-crowned Crane,迷,無,無,,I,
C20,長腳鷸科,Recurvirostridae,163,高蹺鴴,Himantopus himantopus,Black-winged Stilt,留、不普/冬、普,過、稀,冬、不普/過、不普/留、不普,,,
C20,長腳鷸科,Recurvirostridae,164,反嘴鴴,Recurvirostra avosetta,Pied Avocet,冬、稀,無,冬、不普,,,
C21,蠣鷸科,Haematopodidae,165,蠣鴴,Haematopus ostralegus,Eurasian Oystercatcher,冬、稀,夏、稀,留、不普/冬、普,,,
C22,鴴科,Charadriidae,166,灰斑鴴,Pluvialis squatarola,Black-bellied Plover,冬、普,過、稀,冬、普,,,
C22,鴴科,Charadriidae,167,太平洋金斑鴴,Pluvialis fulva,Pacific Golden-Plover,冬、普,過、不普,冬、不普/過、不普,,,
C22,鴴科,Charadriidae,168,小辮鴴,Vanellus vanellus,Northern Lapwing,冬、不普,過、稀,過、稀,,,
C22,鴴科,Charadriidae,169,跳鴴,Vanellus cinereus,Gray-headed Lapwing,冬、稀/過、稀,過、稀,過、稀,,,
C22,鴴科,Charadriidae,170,蒙古鴴,Charadrius mongolus,Lesser Sand-Plover,冬、不普/過、普,過、稀,冬、不普/過、不普,,,
C22,鴴科,Charadriidae,171,鐵嘴鴴,Charadrius leschenaultii,Greater Sand-Plover,冬、不普/過、普,過、稀,冬、普/過、普,,,
C22,鴴科,Charadriidae,172,東方環頸鴴,Charadrius alexandrinus,Kentish Plover,留、不普/冬、普,過、不普,冬、普/留、不普,,,
C22,鴴科,Charadriidae,173,環頸鴴,Charadrius hiaticula,Common Ringed Plover,冬、稀/過、稀,無,無,,,
C22,鴴科,Charadriidae,174,劍鴴,Charadrius placidus,Long-billed Plover,冬、稀,無,迷,,,
C22,鴴科,Charadriidae,175,小環頸鴴,Charadrius dubius,Little Ringed Plover,留、不普/冬、普,過、不普,冬、不普/留、不普,,,
C22,鴴科,Charadriidae,176,東方紅胸鴴,Charadrius veredus,Oriental Plover,過、稀,過、稀,過、稀,,,
C23,彩鷸科,Rostratulidae,177,彩鷸,Rostratula benghalensis,Greater Painted-snipe,留、普,過、稀,過、稀,,II,
C24,水雉科,Jacanidae,178,水雉,Hydrophasianus chirurgus,Pheasant-tailed Jacana,留、稀/過、稀,過、稀,過、稀,,II,
C25,鷸科,Scolopacidae,179,反嘴鷸,Xenus cinereus,Terek Sandpiper,過、不普,過、稀,過、不普,,,
C25,鷸科,Scolopacidae,180,磯鷸,Actitis hypoleucos,Common Sandpiper,冬、普,冬、普/過、普,冬、普/過、普,,,
C25,鷸科,Scolopacidae,181,白腰草鷸,Tringa ochropus,Green Sandpiper,冬、不普,過、稀,冬、不普,,,
C25,鷸科,Scolopacidae,182,黃足鷸,Tringa brevipes,Gray-tailed Tattler,過、普,過、不普,過、普,,,
C25,鷸科,Scolopacidae,183,美洲黃足鷸,Tringa incana,Wandering Tattler,迷,無,無,,,
C25,鷸科,Scolopacidae,184,鶴鷸,Tringa erythropus,Spotted Redshank,冬、稀,過、稀,冬、不普/過、稀,,,
C25,鷸科,Scolopacidae,185,青足鷸,Tringa nebularia,Common Greenshank,冬、普,過、稀,冬、普,,,
C25,鷸科,Scolopacidae,186,諾氏鷸,Tringa guttifer,Nordmann's Greenshank,過、稀,無,過、稀,,I,
C25,鷸科,Scolopacidae,187,小黃腳鷸,Tringa flavipes,Lesser Yellowlegs,迷,無,無,,,
C25,鷸科,Scolopacidae,188,小青足鷸,Tringa stagnatilis,Marsh Sandpiper,冬、不普/過、普,過、稀,過、不普,,,
C25,鷸科,Scolopacidae,189,鷹斑鷸,Tringa glareola,Wood Sandpiper,冬、普/過、普,過、不普,過、不普,,,
C25,鷸科,Scolopacidae,190,赤足鷸,Tringa totanus,Common Redshank,冬、普,過、稀,冬、普/過、普,,,
C25,鷸科,Scolopacidae,191,小杓鷸,Numenius minutus,Little Curlew,過、不普,過、稀,過、稀,,,
C25,鷸科,Scolopacidae,192,中杓鷸,Numenius phaeopus,Whimbrel,冬、不普/過、普,過、稀,冬、普/過、普,,,
C25,鷸科,Scolopacidae,193,黦鷸,Numenius madagascariensis,Far Eastern Curlew,過、不普,過、稀,過、稀,,,
C25,鷸科,Scolopacidae,194,大杓鷸,Numenius arquata,Eurasian Curlew,冬、不普,過、稀,冬、普,,III,
C25,鷸科,Scolopacidae,195,黑尾鷸,Limosa limosa,Black-tailed Godwit,冬、稀/過、不普,過、稀,過、稀,,,
C25,鷸科,Scolopacidae,196,斑尾鷸,Limosa lapponica,Bar-tailed Godwit,冬、稀/過、不普,過、稀,過、不普,,,
C25,鷸科,Scolopacidae,197,翻石鷸,Arenaria interpres,Ruddy Turnstone,冬、普,過、稀,冬、普/過、普,,,
C25,鷸科,Scolopacidae,198,大濱鷸,Calidris tenuirostris,Great Knot,過、不普,過、稀,過、不普,,,
C25,鷸科,Scolopacidae,199,紅腹濱鷸,Calidris canutus,Red Knot,過、不普,過、稀,過、不普,,,
C25,鷸科,Scolopacidae,200,流蘇鷸,Calidris pugnax,Ruff,冬、稀,過、稀,過、稀,,,
C25,鷸科,Scolopacidae,201,寬嘴鷸,Calidris falcinellus,Broad-billed Sandpiper,過、不普,過、稀,過、不普,,,
C25,鷸科,Scolopacidae,202,尖尾濱鷸,Calidris acuminata,Sharp-tailed Sandpiper,過、普,過、稀,過、不普,,,
C25,鷸科,Scolopacidae,203,高蹺濱鷸,Calidris himantopus,Stilt Sandpiper,迷,無,無,,,
C25,鷸科,Scolopacidae,204,彎嘴濱鷸,Calidris ferruginea,Curlew Sandpiper,冬、稀/過、普,過、稀,過、不普,,,
C25,鷸科,Scolopacidae,205,丹氏濱鷸,Calidris temminckii,Temminck's Stint,冬、稀,過、稀,過、稀,,,
C25,鷸科,Scolopacidae,206,長趾濱鷸,Calidris subminuta,Long-toed Stint,冬、不普,過、稀,過、稀,,,
C25,鷸科,Scolopacidae,207,琵嘴鷸,Calidris pygmea,Spoon-billed Sandpiper,過、稀,無,過、稀,,III,
C25,鷸科,Scolopacidae,208,紅胸濱鷸,Calidris ruficollis,Red-necked Stint,冬、普,過、不普,冬、不普/過、普,,,
C25,鷸科,Scolopacidae,209,三趾濱鷸,Calidris alba,Sanderling,冬、不普,過、不普,冬、普/過、普,,,
C25,鷸科,Scolopacidae,210,黑腹濱鷸,Calidris alpina,Dunlin,冬、普,過、稀,冬、普/過、普,,,
C25,鷸科,Scolopacidae,211,小濱鷸,Calidris minuta,Little Stint,冬、稀/過、稀,無,無,,,
C25,鷸科,Scolopacidae,212,黃胸鷸,Calidris subruficollis,Buff-breasted Sandpiper,迷,無,迷,,,
C25,鷸科,Scolopacidae,213,美洲尖尾濱鷸,Calidris melanotos,Pectoral Sandpiper,過、稀,過、稀,無,,,
C25,鷸科,Scolopacidae,214,西濱鷸,Calidris mauri,Western Sandpiper,迷,無,無,,,
C25,鷸科,Scolopacidae,215,長嘴半蹼鷸,Limnodromus scolopaceus,Long-billed Dowitcher,冬、稀,無,迷,,,
C25,鷸科,Scolopacidae,216,半蹼鷸,Limnodromus semipalmatus,Asian Dowitcher,過、稀,過、稀,過、稀,,III,
C25,鷸科,Scolopacidae,217,小鷸,Lymnocryptes minimus,Jack Snipe,過、稀,無,無,,,
C25,鷸科,Scolopacidae,218,大地鷸,Gallinago hardwickii,Latham's Snipe,過、稀,無,無,,III,
C25,鷸科,Scolopacidae,219,田鷸,Gallinago gallinago,Common Snipe,冬、普,過、不普,冬、不普,,,
C25,鷸科,Scolopacidae,220,針尾鷸,Gallinago stenura,Pin-tailed Snipe,冬、稀/過、普,過、稀,無,,,
C25,鷸科,Scolopacidae,221,中地鷸,Gallinago megala,Swinhoe's Snipe,冬、稀/過、普,過、稀,過、稀,,,
C25,鷸科,Scolopacidae,222,山鷸,Scolopax rusticola,Eurasian Woodcock,冬、稀,過、稀,過、稀,,,
C25,鷸科,Scolopacidae,223,紅領瓣足鷸,Phalaropus lobatus,Red-necked Phalarope,過、普,過、不普,過、不普,,,
C25,鷸科,Scolopacidae,224,灰瓣足鷸,Phalaropus fulicarius,Red Phalarope,過、稀,過、稀,過、稀,,,
C26,三趾鶉科,Turnicidae,225,林三趾鶉,Turnix sylvaticus,Small Buttonquail,留、稀,無,無,,,
C26,三趾鶉科,Turnicidae,226,黃腳三趾鶉,Turnix tanki,Yellow-legged Buttonquail,迷,過、稀,無,,,
C26,三趾鶉科,Turnicidae,227,棕三趾鶉,Turnix suscitator,Barred Buttonquail,留、普,無,無,特有亞種(T. s. rostratus),,
C27,燕鴴科,Glareolidae,228,燕鴴,Glareola maldivarum,Oriental Pratincole,夏、普,過、稀,過、稀/夏、不普,,III,
C28,賊鷗科,Stercorariidae,229,灰賊鷗,Stercorarius maccormicki,South Polar Skua,迷,無,無,,,
C28,賊鷗科,Stercorariidae,230,中賊鷗,Stercorarius pomarinus,Pomarine Jaeger,海、稀,海、稀,無,,,
C28,賊鷗科,Stercorariidae,231,短尾賊鷗,Stercorarius parasiticus,Parasitic Jaeger,海、稀,海、稀,無,,,
C28,賊鷗科,Stercorariidae,232,長尾賊鷗,Stercorarius longicaudus,Long-tailed Jaeger,海、稀,海、稀,無,,,
C29,海雀科,Alcidae,233,崖海鴉,Uria aalge,Common Murre,迷,無,無,,,
C29,海雀科,Alcidae,234,扁嘴海雀,Synthliboramphus antiquus,Ancient Murrelet,海、稀,海、稀,無,,,
C29,海雀科,Alcidae,235,冠海雀,Synthliboramphus wumizusume,Japanese Murrelet,海、稀,海、稀,無,,,
C30,鷗科,Laridae,236,三趾鷗,Rissa tridactyla,Black-legged Kittiwake,冬、稀,過、稀,過、稀,,,
C30,鷗科,Laridae,237,叉尾鷗,Xema sabini,Sabine's Gull,迷,無,無,,,
C30,鷗科,Laridae,238,黑嘴鷗,Saundersilarus saundersi,Saunders's Gull,冬、不普,無,冬、稀/過、稀,,II,
C30,鷗科,Laridae,239,細嘴鷗,Chroicocephalus genei,Slender-billed Gull,迷,無,無,,,
C30,鷗科,Laridae,240,澳洲紅嘴鷗,Chroicocephalus novaehollandiae,Silver Gull,迷,無,無,,,
C30,鷗科,Laridae,241,紅嘴鷗,Chroicocephalus ridibundus,Black-headed Gull,冬、普,過、稀,冬、普,,,
C30,鷗科,Laridae,242,棕頭鷗,Chroicocephalus brunnicephalus,Brown-headed Gull,迷,無,無,,,
C30,鷗科,Laridae,243,小鷗,Hydrocoloeus minutus,Little Gull,迷,無,無,,,
C30,鷗科,Laridae,244,笑鷗,Leucophaeus atricilla,Laughing Gull,迷,無,無,,,
C30,鷗科,Laridae,245,弗氏鷗,Leucophaeus pipixcan,Franklin's Gull,迷,無,無,,,
C30,鷗科,Laridae,246,遺鷗,Ichthyaetus relictus,Relict Gull,無,無,迷,,,
C30,鷗科,Laridae,247,漁鷗,Ichthyaetus ichthyaetus,Pallas's Gull,冬、稀,無,迷,,,
C30,鷗科,Laridae,248,黑尾鷗,Larus crassirostris,Black-tailed Gull,冬、不普,夏、普/過、普,冬、稀,,,
C30,鷗科,Laridae,249,海鷗,Larus canus,Mew Gull,冬、稀,過、稀,冬、稀,,,
C30,鷗科,Laridae,250,銀鷗,Larus argentatus,Herring Gull,冬、稀,過、不普,冬、不普,,,
C30,鷗科,Laridae,251,小黑背鷗,Larus fuscus,Lesser Black-backed Gull,冬、稀,過、稀,無,,,
C30,鷗科,Laridae,252,灰背鷗,Larus schistisagus,Slaty-backed Gull,冬、稀,過、稀,冬、不普,,,
C30,鷗科,Laridae,253,北極鷗,Larus hyperboreus,Glaucous Gull,迷,無,無,,,
C30,鷗科,Laridae,254,玄燕鷗,Anous stolidus,Brown Noddy,夏、稀,過、稀,夏、稀,,II,
C30,鷗科,Laridae,255,黑玄燕鷗,Anous minutus,Black Noddy,迷,無,無,,,
C30,鷗科,Laridae,256,烏領燕鷗,Onychoprion fuscatus,Sooty Tern,夏、稀/過、稀,夏、稀,無,,,
C30,鷗科,Laridae,257,白眉燕鷗,Onychoprion anaethetus,Bridled Tern,夏、不普,夏、普,夏、不普,,II,
C30,鷗科,Laridae,258,白腰燕鷗,Onychoprion aleuticus,Aleutian Tern,過、不普,過、稀,無,,,
C30,鷗科,Laridae,259,小燕鷗,Sternula albifrons,Little Tern,留、不普/夏、不普,過、稀,過、不普,,II,
C30,鷗科,Laridae,260,鷗嘴燕鷗,Gelochelidon nilotica,Gull-billed Tern,冬、稀/過、不普,過、稀,過、不普,,,
C30,鷗科,Laridae,261,裏海燕鷗,Hydroprogne caspia,Caspian Tern,冬、不普,無,冬、普,,,
C30,鷗科,Laridae,262,黑浮鷗,Chlidonias niger,Black Tern,迷,無,無,,,
C30,鷗科,Laridae,263,白翅黑燕鷗,Chlidonias leucopterus,White-winged Tern,冬、稀/過、普,過、不普,過、不普,,,
C30,鷗科,Laridae,264,黑腹燕鷗,Chlidonias hybrida,Whiskered Tern,冬、普/過、普,過、不普,過、不普,,,
C30,鷗科,Laridae,265,紅燕鷗,Sterna dougallii,Roseate Tern,夏、不普,夏、普,夏、不普,,II,
C30,鷗科,Laridae,266,蒼燕鷗,Sterna sumatrana,Black-naped Tern,夏、不普,夏、普,夏、不普,,II,
C30,鷗科,Laridae,267,燕鷗,Sterna hirundo,Common Tern,過、普,過、稀,過、稀,,,
C30,鷗科,Laridae,268,鳳頭燕鷗,Thalasseus bergii,Great Crested Tern,夏、不普,夏、普,夏、不普,,II,
C30,鷗科,Laridae,269,白嘴端燕鷗,Thalasseus sandvicensis,Sandwich Tern,迷,無,無,,,
C30,鷗科,Laridae,270,小鳳頭燕鷗,Thalasseus bengalensis,Lesser Crested Tern,迷,無,無,,,
C30,鷗科,Laridae,271,黑嘴端鳳頭燕鷗,Thalasseus bernsteini,Chinese Crested Tern,過、稀,夏、稀,無,,I,
C31,鳩鴿科,Columbidae,272,野鴿,Columba livia,Rock Pigeon,引進種、普,引進種、稀,引進種、稀,,,
C31,鳩鴿科,Columbidae,273,灰林鴿,Columba pulchricollis,Ashy Wood-Pigeon,留、不普,無,無,,,
C31,鳩鴿科,Columbidae,274,黑林鴿,Columba janthina,Japanese Wood-Pigeon,迷,迷,迷,,,
C31,鳩鴿科,Columbidae,275,金背鳩,Streptopelia orientalis,Oriental Turtle-Dove,留、普,留、不普/過、不普,冬、普,特有亞種(S. o. orii),,
C31,鳩鴿科,Columbidae,276,灰斑鳩,Streptopelia decaocto,Eurasian Collared-Dove,引進種、稀,無,迷,,,
C31,鳩鴿科,Columbidae,277,紅鳩,Streptopelia tranquebarica,Red Collared-Dove,留、普,留、稀,留、不普,,,
C31,鳩鴿科,Columbidae,278,珠頸斑鳩,Streptopelia chinensis,Spotted Dove,留、普,留、普,留、普,,,
C31,鳩鴿科,Columbidae,279,斑尾鵑鳩,Macropygia unchall,Barred Cuckoo-Dove,無,迷,迷,,,
C31,鳩鴿科,Columbidae,280,長尾鳩,Macropygia tenuirostris,Philippine Cuckoo-Dove,留、蘭嶼不普,無,無,,,
C31,鳩鴿科,Columbidae,281,翠翼鳩,Chalcophaps indica,Emerald Dove,留、不普,無,過、稀,,,
C31,鳩鴿科,Columbidae,282,橙胸綠鳩,Treron bicinctus,Orange-breasted Pigeon,迷,無,無,,,
C31,鳩鴿科,Columbidae,283,厚嘴綠鳩,Treron curvirostra,Thick-billed Pigeon,無,迷,無,,,
C31,鳩鴿科,Columbidae,284,綠鳩,Treron sieboldii,White-bellied Pigeon,留、不普,過、稀,過、稀,,,
C31,鳩鴿科,Columbidae,285,紅頭綠鳩,Treron formosae,Whistling Green-Pigeon,留、稀,無,迷,特有亞種(T. f. formosae),II,
C31,鳩鴿科,Columbidae,286,小綠鳩,Ptilinopus leclancheri,Black-chinned Fruit-Dove,留、稀,無,無,,,
C32,杜鵑科,Cuculidae,287,冠郭公,Clamator coromandus,Chestnut-winged Cuckoo,過、稀,過、稀,過、稀,,,
C32,杜鵑科,Cuculidae,288,斑翅鳳頭鵑,Clamator jacobinus,Pied Cuckoo,迷,無,無,,,
C32,杜鵑科,Cuculidae,289,鷹鵑,Hierococcyx sparverioides,Large Hawk-Cuckoo,夏、普,過、稀,夏、稀,,,
C32,杜鵑科,Cuculidae,290,棕腹鷹鵑,Hierococcyx nisicolor,Hodgson's Hawk-Cuckoo,迷,過、稀,無,,,
C32,杜鵑科,Cuculidae,291,北方鷹鵑,Hierococcyx hyperythrus,Northern Hawk-Cuckoo,迷,過、稀,無,,,
C32,杜鵑科,Cuculidae,292,四聲杜鵑,Cuculus micropterus,Indian Cuckoo,過、稀,過、稀,過、不普/夏、不普,,,
C32,杜鵑科,Cuculidae,293,大杜鵑,Cuculus canorus,Common Cuckoo,過、稀,過、稀,無,,,
C32,杜鵑科,Cuculidae,294,北方中杜鵑,Cuculus optatus,Oriental Cuckoo,夏、普,過、不普,過、稀,,,
C32,杜鵑科,Cuculidae,295,小杜鵑,Cuculus poliocephalus,Lesser Cuckoo,過、稀,過、稀,過、稀,,,
C32,杜鵑科,Cuculidae,296,八聲杜鵑,Cacomantis merulinus,Plaintive Cuckoo,迷,過、稀,無,,,
C32,杜鵑科,Cuculidae,297,烏鵑,Surniculus dicruroides,Fork-tailed Drongo-Cuckoo,迷,過、稀,過、稀,,,
C32,杜鵑科,Cuculidae,298,噪鵑,Eudynamys scolopaceus,Asian Koel,過、稀,過、稀,夏、不普,,,
C32,杜鵑科,Cuculidae,299,褐翅鴉鵑,Centropus sinensis,Greater Coucal,無,留、不普,留、普,,,
C32,杜鵑科,Cuculidae,300,番鵑,Centropus bengalensis,Lesser Coucal,留、普,迷,留、稀,,,
C33,草鴞科,Tytonidae,301,草鴞,Tyto longimembris,Australasian Grass-Owl,留、稀,無,冬、稀,特有亞種(T. l. pithecops),I,
C34,鴟鴞科,Strigidae,302,黃嘴角鴞,Otus spilocephalus,Mountain Scops-Owl,留、普,無,無,特有亞種(O. s. hambroecki),II,
C34,鴟鴞科,Strigidae,303,領角鴞,Otus lettia,Collared Scops-Owl,留、普,無,迷,特有亞種(O. l. glabripes),II,
C34,鴟鴞科,Strigidae,304,蘭嶼角鴞,Otus elegans,Ryukyu Scops-Owl,留、蘭嶼普,無,無,特有亞種(O. e. botelensis),II,
C34,鴟鴞科,Strigidae,305,東方角鴞,Otus sunia,Oriental Scops-Owl,過、不普,過、稀,過、稀,,II,
C34,鴟鴞科,Strigidae,306,黃魚鴞,Ketupa flavipes,Tawny Fish-Owl,留、稀,無,無,,II,
C34,鴟鴞科,Strigidae,307,鵂鶹,Glaucidium brodiei,Collared Owlet,留、不普,無,無,特有亞種(G. b. pardalotum),II,
C34,鴟鴞科,Strigidae,308,縱紋腹小鴞,Athene noctua,Little Owl,迷,無,迷,,II,
C34,鴟鴞科,Strigidae,309,褐林鴞,Strix leptogrammica,Brown Wood-Owl,留、稀,無,無,,II,
C34,鴟鴞科,Strigidae,310,東方灰林鴞,Strix nivicola,Himalayan Owl,留、稀,無,無,特有亞種(S. n. yamadae),II,
C34,鴟鴞科,Strigidae,311,長耳鴞,Asio otus,Long-eared Owl,冬、稀,無,冬、稀,,II,
C34,鴟鴞科,Strigidae,312,短耳鴞,Asio flammeus,Short-eared Owl,冬、不普,過、稀,冬、稀,,II,
C34,鴟鴞科,Strigidae,313,褐鷹鴞,Ninox japonica,Northern Boobook,留、不普/過、不普,過、稀,過、稀,,II,
C35,夜鷹科,Caprimulgidae,314,普通夜鷹,Caprimulgus jotaka,Gray Nightjar,過、稀,過、稀,過、稀,,,
C35,夜鷹科,Caprimulgidae,315,台灣夜鷹,Caprimulgus affinis,Savanna Nightjar,留、普,過、稀,過、稀,特有亞種(C. a. stictomus),,
C36,雨燕科,Apodidae,316,白喉針尾雨燕,Hirundapus caudacutus,White-throated Needletail,過、稀,過、稀,過、稀,,,
C36,雨燕科,Apodidae,317,灰喉針尾雨燕,Hirundapus cochinchinensis,Silver-backed Needletail,留、稀,無,無,特有亞種(H. c. formosanus),,
C36,雨燕科,Apodidae,318,短嘴金絲燕,Aerodramus brevirostris,Himalayan Swiftlet,過、稀,無,過、稀,,,
C36,雨燕科,Apodidae,319,叉尾雨燕,Apus pacificus,Pacific Swift,留、不普/過、不普,夏、普,過、稀,,,
C36,雨燕科,Apodidae,320,小雨燕,Apus nipalensis,House Swift,留、普,留、不普,留、普,特有亞種(A. n. kuntzi),,
C37,翠鳥科,Alcedinidae,321,翠鳥,Alcedo atthis,Common Kingfisher,留、普/過、不普,留、普,留、普,,,
C37,翠鳥科,Alcedinidae,322,三趾翠鳥,Ceyx erithaca,Black-backed Dwarf-Kingfisher,迷,迷,無,,,
C37,翠鳥科,Alcedinidae,323,赤翡翠,Halcyon coromanda,Ruddy Kingfisher,過、稀,過、稀,過、稀,,,
C37,翠鳥科,Alcedinidae,324,蒼翡翠,Halcyon smyrnensis,White-throated Kingfisher,過、稀,留、不普,留、不普,,,
C37,翠鳥科,Alcedinidae,325,黑頭翡翠,Halcyon pileata,Black-capped Kingfisher,冬、稀/過、稀,過、稀,冬、不普,,,
C37,翠鳥科,Alcedinidae,326,白領翡翠,Todiramphus chloris,Collared Kingfisher,迷,無,無,,,
C37,翠鳥科,Alcedinidae,327,斑翡翠,Ceryle rudis,Pied Kingfisher,無,過、稀,留、不普,,,
C38,蜂虎科,Meropidae,328,栗喉蜂虎,Merops philippinus,Blue-tailed Bee-eater,迷,無,夏、普,,,
C38,蜂虎科,Meropidae,329,彩虹蜂虎,Merops ornatus,Rainbow Bee-eater,迷,無,無,,,
C39,佛法僧科,Coraciidae,330,佛法僧,Eurystomus orientalis,Dollarbird,過、稀,過、普,過、稀,,,
C40,戴勝科,Upupidae,331,戴勝,Upupa epops,Eurasian Hoopoe,冬、稀/過、稀,過、普,留、普/過、不普,,,
C41,鬚鴷科,Megalaimidae,332,五色鳥,Psilopogon nuchalis,Taiwan Barbet,留、普,無,無,特有種,,
C42,啄木鳥科,Picidae,333,地啄木,Jynx torquilla,Eurasian Wryneck,冬、稀/過、稀,過、稀,冬、不普,,,
C42,啄木鳥科,Picidae,334,小啄木,Dendrocopos canicapillus,Gray-capped Woodpecker,留、普,無,無,,,
C42,啄木鳥科,Picidae,335,大赤啄木,Dendrocopos leucotos,White-backed Woodpecker,留、不普,無,無,特有亞種(D. l. insularis),II,
C42,啄木鳥科,Picidae,336,綠啄木,Picus canus,Gray-faced Woodpecker,留、稀,無,無,,II,
C43,隼科,Falconidae,337,紅隼,Falco tinnunculus,Eurasian Kestrel,冬、普,留、不普/過、普,冬、不普,,II,
C43,隼科,Falconidae,338,紅腳隼,Falco amurensis,Amur Falcon,過、稀,過、稀,過、稀,,II,
C43,隼科,Falconidae,339,灰背隼,Falco columbarius,Merlin,冬、稀/過、稀,迷,無,,II,
C43,隼科,Falconidae,340,燕隼,Falco subbuteo,Eurasian Hobby,過、不普,過、不普,過、稀,,II,
C43,隼科,Falconidae,341,遊隼,Falco peregrinus,Peregrine Falcon,留、稀/冬、不普/過、不普,過、稀,冬、不普,,I,
C44,八色鳥科,Pittidae,342,綠胸八色鳥,Pitta sordida,Hooded Pitta,迷,無,無,,,
C44,八色鳥科,Pittidae,343,八色鳥,Pitta nympha,Fairy Pitta,夏、不普,無,無,,II,
C44,八色鳥科,Pittidae,344,藍翅八色鳥,Pitta moluccensis,Blue-winged Pitta,迷,迷,無,,,
C45,山椒鳥科,Campephagidae,345,灰喉山椒鳥,Pericrocotus solaris,Gray-chinned Minivet,留、普,無,無,,,
C45,山椒鳥科,Campephagidae,346,長尾山椒鳥,Pericrocotus ethologus,Long-tailed Minivet,迷,無,無,,,
C45,山椒鳥科,Campephagidae,347,琉球山椒鳥,Pericrocotus tegimae,Ryukyu Minivet,迷,迷,無,,,
C45,山椒鳥科,Campephagidae,348,灰山椒鳥,Pericrocotus divaricatus,Ashy Minivet,冬、稀/過、稀,過、普,過、不普,,,
C45,山椒鳥科,Campephagidae,349,小灰山椒鳥,Pericrocotus cantonensis,Brown-rumped Minivet,迷,過、稀,無,,,
C45,山椒鳥科,Campephagidae,350,花翅山椒鳥,Coracina macei,Large Cuckooshrike,留、稀,迷,無,,II,
C45,山椒鳥科,Campephagidae,351,黑原鵑鵙,Lalage nigra,Pied Triller,迷,無,無,,,
C45,山椒鳥科,Campephagidae,352,黑翅山椒鳥,Lalage melaschistos,Black-winged Cuckooshrike,冬、稀/過、稀,過、不普,過、稀,,,
C46,伯勞科,Laniidae,353,虎紋伯勞,Lanius tigrinus,Tiger Shrike,過、稀,過、稀,無,,,
C46,伯勞科,Laniidae,354,紅頭伯勞,Lanius bucephalus,Bull-headed Shrike,冬、稀,過、稀,過、稀,,,
C46,伯勞科,Laniidae,355,紅背伯勞,Lanius collurio,Red-backed Shrike,迷,無,無,,,
C46,伯勞科,Laniidae,356,紅尾伯勞,Lanius cristatus,Brown Shrike,冬、普/過、普,過、普,過、普,,III,
C46,伯勞科,Laniidae,357,棕背伯勞,Lanius schach,Long-tailed Shrike,留、普,過、不普/留、稀,留、普,,,
C46,伯勞科,Laniidae,358,楔尾伯勞,Lanius sphenocercus,Chinese Gray Shrike,迷,迷,過、稀,,,
C47,綠鵙科,Vireonidae,359,綠畫眉,Erpornis zantholeuca,White-bellied Erpornis,留、普,無,無,,,
C48,黃鸝科,Oriolidae,360,黃鸝,Oriolus chinensis,Black-naped Oriole,留、稀/過、稀,過、不普,過、稀/夏、稀,,I,
C48,黃鸝科,Oriolidae,361,朱鸝,Oriolus traillii,Maroon Oriole,留、不普,無,無,特有亞種(O. t. ardens),II,
C49,卷尾科,Dicruridae,362,大卷尾,Dicrurus macrocercus,Black Drongo,留、普/過、稀,夏、不普,夏、不普/留、稀,特有亞種(D. m. harterti),,
C49,卷尾科,Dicruridae,363,灰卷尾,Dicrurus leucophaeus,Ashy Drongo,冬、稀/過、稀,過、普,過、稀,,,
C49,卷尾科,Dicruridae,364,鴉嘴卷尾,Dicrurus annectans,Crow-billed Drongo,無,過、稀,無,,,
C49,卷尾科,Dicruridae,365,小卷尾,Dicrurus aeneus,Bronzed Drongo,留、普,無,無,特有亞種(D. a. braunianus),,
C49,卷尾科,Dicruridae,366,髮冠卷尾,Dicrurus hottentottus,Hair-crested Drongo,過、稀,過、不普,過、稀,,,
C50,王鶲科,Monarchidae,367,黑枕藍鶲,Hypothymis azurea,Black-naped Monarch,留、普,迷,迷,特有亞種(H. a. oberholseri),,
C50,王鶲科,Monarchidae,368,紫綬帶,Terpsiphone atrocaudata,Japanese Paradise-Flycatcher,過、稀；夏、蘭嶼普/留、蘭嶼稀,過、稀,過、稀,,II,
C50,王鶲科,Monarchidae,369,阿穆爾綬帶,Terpsiphone incei,Amur Paradise-Flycatcher,過、稀,過、稀,過、稀,,,
C51,鴉科,Corvidae,370,松鴉,Garrulus glandarius,Eurasian Jay,留、普,無,無,特有亞種(G. g. taivanus),,
C51,鴉科,Corvidae,371,灰喜鵲,Cyanopica cyanus,Azure-winged Magpie,引進種、稀,迷,無,,,
C51,鴉科,Corvidae,372,台灣藍鵲,Urocissa caerulea,Taiwan Blue-Magpie,留、普,無,無,特有種,III,
C51,鴉科,Corvidae,373,樹鵲,Dendrocitta formosae,Gray Treepie,留、普,迷,迷,特有亞種(D. f. formosae),,
C51,鴉科,Corvidae,374,喜鵲,Pica pica,Eurasian Magpie,留、普,過、稀,留、普,,,
C51,鴉科,Corvidae,375,星鴉,Nucifraga caryocatactes,Eurasian Nutcracker,留、普,無,無,特有亞種(N. c. owstoni),,
C51,鴉科,Corvidae,376,東方寒鴉,Corvus dauuricus,Daurian Jackdaw,迷,無,冬、稀,,,
C51,鴉科,Corvidae,377,家烏鴉,Corvus splendens,House Crow,迷,無,無,,,
C51,鴉科,Corvidae,378,禿鼻鴉,Corvus frugilegus,Rook,冬、稀,過、稀,冬、稀,,,
C51,鴉科,Corvidae,379,小嘴烏鴉,Corvus corone,Carrion Crow,過、稀,過、稀,冬、稀,,,
C51,鴉科,Corvidae,380,巨嘴鴉,Corvus macrorhynchos,Large-billed Crow,留、普,迷,迷,,,
C51,鴉科,Corvidae,381,玉頸鴉,Corvus torquatus,Collared Crow,迷,無,留、不普,,,
C52,百靈科,Alaudidae,382,大短趾百靈,Calandrella brachydactyla,Greater Short-toed Lark,迷,無,無,,,
C52,百靈科,Alaudidae,383,亞洲短趾百靈,Calandrella rufescens,Lesser Short-toed Lark,迷,迷,無,,,
C52,百靈科,Alaudidae,384,歐亞雲雀,Alauda arvensis,Sky Lark,冬、稀,過、稀,冬、稀,,,
C52,百靈科,Alaudidae,385,小雲雀,Alauda gulgula,Oriental Skylark,留、普,留、稀,留、不普,,,
C53,燕科,Hirundinidae,386,棕沙燕,Riparia chinensis,Gray-throated Martin,留、普,迷,迷,,,
C53,燕科,Hirundinidae,387,灰沙燕,Riparia riparia,Bank Swallow,過、稀,過、不普,過、稀,,,
C53,燕科,Hirundinidae,388,家燕,Hirundo rustica,Barn Swallow,夏、普/冬、普/過、普,夏、普,夏、普,,,
C53,燕科,Hirundinidae,389,洋燕,Hirundo tahitica,Pacific Swallow,留、普,過、不普,過、不普,,,
C53,燕科,Hirundinidae,390,金腰燕,Cecropis daurica,Red-rumped Swallow,過、稀,夏、稀,過、稀,,,
C53,燕科,Hirundinidae,391,赤腰燕,Cecropis striolata,Striated Swallow,留、普,無,迷,,,
C53,燕科,Hirundinidae,392,白腹毛腳燕,Delichon urbicum,Common House-Martin,迷,無,無,,,
C53,燕科,Hirundinidae,393,東方毛腳燕,Delichon dasypus,Asian House-Martin,留、不普,無,無,,,
C54,細嘴鶲科,Stenostiridae,394,方尾鶲,Culicicapa ceylonensis,Gray-headed Canary-Flycatcher,迷,迷,無,,,
C55,山雀科,Paridae,395,台灣赤腹山雀,Sittiparus castaneoventris,Chestnut-bellied Tit,留、不普,無,無,特有種,II,
C55,山雀科,Paridae,396,雜色山雀,Sittiparus varius,Varied Tit,,,,,,待確認
C55,山雀科,Paridae,397,煤山雀,Periparus ater,Coal Tit,留、普,無,無,特有亞種(P. a. ptilosus),III,
C55,山雀科,Paridae,398,黃腹山雀,Periparus venustulus,Yellow-bellied Tit,無,迷,無,,,
C55,山雀科,Paridae,399,白頰山雀,Parus minor,Cinereous Tit,迷,留、稀,無,,,
C55,山雀科,Paridae,400,青背山雀,Parus monticolus,Green-backed Tit,留、普,無,無,特有亞種(P. m. insperatus),III,
C55,山雀科,Paridae,401,黃山雀,Parus holsti,Yellow Tit,留、稀,無,無,特有種,II,
C56,攀雀科,Remizidae,402,攀雀,Remiz consobrinus,Chinese Penduline-Tit,迷,過、稀,過、稀,,,
C57,長尾山雀科,Aegithalidae,403,紅頭山雀,Aegithalos concinnus,Black-throated Tit,留、普,留、不普,無,,,
C58,鳾科,Sittidae,404,茶腹鳾,Sitta europaea,Eurasian Nuthatch,留、普,無,無,,,
C59,鷦鷯科,Troglodytidae,405,鷦鷯,Troglodytes troglodytes,Eurasian Wren,留、普,無,無,特有亞種(T. t. taivanus),,
C60,河烏科,Cinclidae,406,河烏,Cinclus pallasii,Brown Dipper,留、不普,無,無,,,
C61,鵯科,Pycnonotidae,407,白環鸚嘴鵯,Spizixos semitorques,Collared Finchbill,留、普,無,無,特有亞種(S. s. cinereicapillus),,
C61,鵯科,Pycnonotidae,408,烏頭翁,Pycnonotus taivanus,Styan's Bulbul,留、花蓮台東恆春半島普,無,無,特有種,II,
C61,鵯科,Pycnonotidae,409,白頭翁,Pycnonotus sinensis,Light-vented Bulbul,留、普,留、普,留、普,特有亞種(P. s. formosae),,
C61,鵯科,Pycnonotidae,410,白喉紅臀鵯,Pycnonotus aurigaster,Sooty-headed Bulbul,無,無,迷,,,
C61,鵯科,Pycnonotidae,411,紅嘴黑鵯,Hypsipetes leucocephalus,Black Bulbul,留、普,迷,迷,特有亞種(H. l. nigerrimus),,
C61,鵯科,Pycnonotidae,412,棕耳鵯,Hypsipetes amaurotis,Brown-eared Bulbul,留、蘭嶼綠島普/過、稀,迷,無,特有亞種(I. a. harterti),,
C61,鵯科,Pycnonotidae,413,栗背短腳鵯,Hemixos castanonotus,Chestnut Bulbul,無,無,迷,,,
C62,戴菊科,Regulidae,414,戴菊鳥,Regulus regulus,Goldcrest,冬、稀/過、稀,過、稀,過、稀,,,
C62,戴菊科,Regulidae,415,火冠戴菊鳥,Regulus goodfellowi,Flamecrest,留、普,無,無,特有種,III,
C63,鷦眉科,Pnoepygidae,416,台灣鷦眉,Pnoepyga formosana,Taiwan Cupwing,留、普,無,無,特有種,,
C64,樹鶯科,Cettiidae,417,短尾鶯,Urosphena squameiceps,Asian Stubtail,冬、稀/過、稀,過、稀,冬、稀,,,
C64,樹鶯科,Cettiidae,418,棕面鶯,Abroscopus albogularis,Rufous-faced Warbler,留、普,迷,無,,,
C64,樹鶯科,Cettiidae,419,日本樹鶯,Horornis diphone,Japanese Bush-Warbler,冬、稀,無,無,,,
C64,樹鶯科,Cettiidae,420,遠東樹鶯,Horornis borealis,Manchurian Bush-Warbler,冬、不普,冬、不普,冬、稀,,,
C64,樹鶯科,Cettiidae,421,小鶯,Horornis fortipes,Brownish-flanked Bush-Warbler,留、普/過、稀,留、普,迷,特有亞種(H. f. robustipes),,
C64,樹鶯科,Cettiidae,422,深山鶯,Horornis acanthizoides,Yellowish-bellied Bush-Warbler,留、普,無,無,特有亞種(H. a. concolor),,
C65,柳鶯科,Phylloscopidae,423,歐亞柳鶯,Phylloscopus trochilus,Willow Warbler,迷,無,無,,,
C65,柳鶯科,Phylloscopidae,424,嘰咋柳鶯,Phylloscopus collybita,Common Chiffchaff,迷,無,無,,,
C65,柳鶯科,Phylloscopidae,425,林柳鶯,Phylloscopus sibilatrix,Wood Warbler,迷,無,無,,,
C65,柳鶯科,Phylloscopidae,426,褐色柳鶯,Phylloscopus fuscatus,Dusky Warbler,冬、稀/過、稀,過、不普,冬、不普,,,
C65,柳鶯科,Phylloscopidae,427,黃腹柳鶯,Phylloscopus affinis,Tickell's Leaf-Warbler,無,迷,無,,,
C65,柳鶯科,Phylloscopidae,428,棕腹柳鶯,Phylloscopus subaffinis,Buff-throated Warbler,迷,無,無,,,
C65,柳鶯科,Phylloscopidae,429,棕眉柳鶯,Phylloscopus armandii,Yellow-streaked Warbler,迷,無,無,,,
C65,柳鶯科,Phylloscopidae,430,巨嘴柳鶯,Phylloscopus schwarzi,Radde's Warbler,過、稀,過、稀,無,,,
C65,柳鶯科,Phylloscopidae,431,黃腰柳鶯,Phylloscopus proregulus,Pallas's Leaf-Warbler,過、不普,過、不普,過、稀,,,
C65,柳鶯科,Phylloscopidae,432,雲南柳鶯,Phylloscopus yunnanensis,Chinese Leaf Warbler,無,迷,無,,,
C65,柳鶯科,Phylloscopidae,433,黃眉柳鶯,Phylloscopus inornatus,Yellow-browed Warbler,冬、不普,冬、不普,冬、不普,,,
C65,柳鶯科,Phylloscopidae,434,淡眉柳鶯,Phylloscopus humei,Hume's Warbler,無,迷,無,,,
C65,柳鶯科,Phylloscopidae,435,極北柳鶯,Phylloscopus borealis,Arctic Warbler,冬、普,冬、普,冬、不普,,,
C65,柳鶯科,Phylloscopidae,436,勘察加柳鶯,Phylloscopus examinandus,Kamchatka Leaf Warbler,,,,,,待討論、臺灣鳥類誌
C65,柳鶯科,Phylloscopidae,437,日本柳鶯,Phylloscopus xanthodryas,Japanese Leaf Warbler,,,,,,待討論
C65,柳鶯科,Phylloscopidae,438,暗綠柳鶯,Phylloscopus trochiloides,Greenish Warbler,,,,,,待討論
C65,柳鶯科,Phylloscopidae,439,雙斑綠柳鶯,Phylloscopus plumbeitarsus,Two-barred Warbler,迷,無,迷,,,
C65,柳鶯科,Phylloscopidae,440,淡腳柳鶯,Phylloscopus tenellipes,Pale-legged Leaf-Warbler,過、稀,過、稀,過、稀,,,
C65,柳鶯科,Phylloscopidae,441,庫頁島柳鶯,Phylloscopus borealoides,Sakhalin Leaf-Warbler,過、稀,過、稀,過、稀,,,
C65,柳鶯科,Phylloscopidae,442,冠羽柳鶯,Phylloscopus coronatus,Eastern Crowned Leaf-Warbler,過、稀,過、稀,過、稀,,,
C65,柳鶯科,Phylloscopidae,443,飯島柳鶯,Phylloscopus ijimae,Ijima's Leaf-Warbler,過、稀,無,無,,III,
C65,柳鶯科,Phylloscopidae,444,克氏冠紋柳鶯,Phylloscopus claudiae,Claudia's Leaf-Warbler,迷,迷,無,,,
C65,柳鶯科,Phylloscopidae,445,哈氏冠紋柳鶯,Phylloscopus goodsoni,Hartert's Leaf-Warbler,迷,迷,無,,,
C65,柳鶯科,Phylloscopidae,446,黑眉柳鶯,Phylloscopus ricketti,Sulphur-breasted Warbler,迷,迷,無,,,
C65,柳鶯科,Phylloscopidae,447,淡尾鶲鶯,Seicercus soror,Plain-tailed Warbler,無,迷,無,,,
C65,柳鶯科,Phylloscopidae,448,比氏鶲鶯,Seicercus valentini,Bianchi's Warbler,迷,無,無,,,
C65,柳鶯科,Phylloscopidae,449,栗頭鶲鶯,Seicercus castaniceps,Chestnut-crowned Warbler,迷,無,無,,,
C65,柳鶯科,Phylloscopidae,450,厚嘴葦鶯,Iduna aedon,Thick-billed Warbler,迷,無,無,,,
C66,葦鶯科,Acrocephalidae,451,靴籬鶯,Iduna caligata,Booted Warbler,迷,無,無,,,
C66,葦鶯科,Acrocephalidae,452,細紋葦鶯,Acrocephalus sorghophilus,Streaked Reed-Warbler,迷,過、稀,無,,,
C66,葦鶯科,Acrocephalidae,453,雙眉葦鶯,Acrocephalus bistrigiceps,Black-browed Reed-Warbler,冬、稀/過、稀,過、稀,過、稀,,,
C66,葦鶯科,Acrocephalidae,454,遠東葦鶯,Acrocephalus tangorum,Manchurian Reed-Warbler,迷,無,無,,,
C66,葦鶯科,Acrocephalidae,455,稻田葦鶯,Acrocephalus agricola,Paddyfield Warbler,迷,無,無,,,
C66,葦鶯科,Acrocephalidae,456,布氏葦鶯,Acrocephalus dumetorum,Blyth's Reed-Warbler,迷,無,無,,,
C66,葦鶯科,Acrocephalidae,457,東方大葦鶯,Acrocephalus orientalis,Oriental Reed-Warbler,冬、普,冬、普,冬、不普,,,
C67,蝗鶯科,Locustellidae,458,蒼眉蝗鶯,Locustella fasciolata,Gray's Grasshopper-Warbler,過、稀,無,無,,,
C67,蝗鶯科,Locustellidae,459,庫頁島蝗鶯,Locustella amnicola,Sakhalin Grasshopper-Warbler,過、稀,無,無,,,
C67,蝗鶯科,Locustellidae,460,小蝗鶯,Locustella certhiola,Pallas's Grasshopper-Warbler,過、稀,過、稀,無,,,
C67,蝗鶯科,Locustellidae,461,北蝗鶯,Locustella ochotensis,Middendorff's Grasshopper-Warbler,冬、稀/過、不普,過、稀,無,,,
C67,蝗鶯科,Locustellidae,462,史氏蝗鶯,Locustella pleskei,Pleske's Grasshopper-Warbler,過、稀,無,無,,,
C67,蝗鶯科,Locustellidae,463,茅斑蝗鶯,Locustella lanceolata,Lanceolated Warbler,過、不普,過、稀,過、稀,,,
C67,蝗鶯科,Locustellidae,464,台灣叢樹鶯,Locustella alishanensis,Taiwan Bush-Warbler,留、普,無,無,特有種,,
C68,扇尾鶯科,Cisticolidae,465,棕扇尾鶯,Cisticola juncidis,Zitting Cisticola,留、普/過、稀,過、不普,過、不普,,,
C68,扇尾鶯科,Cisticolidae,466,黃頭扇尾鶯,Cisticola exilis,Golden-headed Cisticola,留、不普,無,無,特有亞種(C. e. volitans),,
C68,扇尾鶯科,Cisticolidae,467,斑紋鷦鶯,Prinia crinigera,Striated Prinia,留、普,無,無,特有亞種(P. c. striata),,
C68,扇尾鶯科,Cisticolidae,468,灰頭鷦鶯,Prinia flaviventris,Yellow-bellied Prinia,留、普,留、稀,留、普,,,
C68,扇尾鶯科,Cisticolidae,469,褐頭鷦鶯,Prinia inornata,Plain Prinia,留、普,留、稀,留、普,特有亞種(P. i. flavirostris),,
C69,鶯科,Sylviidae,470,漠地林鶯,Sylvia nana,Asian Desert Warbler,迷,無,無,,,
C69,鶯科,Sylviidae,471,白喉林鶯,Sylvia curruca,Lesser Whitethroat,迷,無,迷,,,
C70,鸚嘴科,Paradoxornithidae,472,褐頭花翼,Fulvetta formosana,Taiwan Fulvetta,留、普,無,無,特有種,,
C70,鸚嘴科,Paradoxornithidae,473,粉紅鸚嘴,Sinosuthora webbiana,Vinous-throated Parrotbill,留、普,無,無,特有亞種(S. w. bulomacha),,
C70,鸚嘴科,Paradoxornithidae,474,黃羽鸚嘴,Suthora verreauxi,Golden Parrotbill,留、稀,無,無,特有亞種(S. v. morrisoniana),,
C71,繡眼科,Zosteropidae,475,冠羽畫眉,Yuhina brunneiceps,Taiwan Yuhina,留、普,無,無,特有種,,
C71,繡眼科,Zosteropidae,476,紅脇繡眼,Zosterops erythropleurus,Chestnut-flanked White-eye,迷,迷,無,,,
C71,繡眼科,Zosteropidae,477,綠繡眼,Zosterops japonicus,Japanese White-eye,留、普,留、普,留、普,,,
C71,繡眼科,Zosteropidae,478,低地繡眼,Zosterops meyeni,Lowland White-eye,留、蘭嶼普,無,無,,,
C72,畫眉科,Timaliidae,479,山紅頭,Cyanoderma ruficeps,Rufous-capped Babbler,留、普,無,無,特有亞種(C. r. praecognitum),,
C72,畫眉科,Timaliidae,480,小彎嘴,Pomatorhinus musicus,Taiwan Scimitar-Babbler,留、普,無,無,特有種,,
C72,畫眉科,Timaliidae,481,大彎嘴,Megapomatorhinus erythrocnemis,Black-necklaced Scimitar-Babbler,留、普,無,無,特有種,,
C73,雀眉科,Pellorneidae ,482,頭烏線,Schoeniparus brunneus,Dusky Fulvetta,留、普,無,無,特有亞種(S. b. brunneus),,
C74,噪眉科,Leiothrichidae,483,繡眼畫眉,Alcippe morrisonia,Gray-cheeked Fulvetta,留、普,無,無,特有種,,
C74,噪眉科,Leiothrichidae,484,大陸畫眉,Garrulax canorus,Hwamei,引進種、不普,迷,留、稀,,II,
C74,噪眉科,Leiothrichidae,485,台灣畫眉,Garrulax taewanus,Taiwan Hwamei,留、不普,無,無,特有種,II,
C74,噪眉科,Leiothrichidae,486,台灣白喉噪眉,Ianthocincla ruficeps,Rufous-crowned Laughingthrush,留、稀,無,無,特有種,II,
C74,噪眉科,Leiothrichidae,487,黑喉噪眉,Ianthocincla chinensis,Black-throated Laughingthrush,引進種、稀,無,無,,,
C74,噪眉科,Leiothrichidae,488,棕噪眉,Ianthocincla poecilorhyncha,Rusty Laughingthrush,留、不普,無,無,特有種,II,
C74,噪眉科,Leiothrichidae,489,台灣噪眉,Trochalopteron morrisonianum,White-whiskered Laughingthrush,留、普,無,無,特有種,,
C74,噪眉科,Leiothrichidae,490,白耳畫眉,Heterophasia auricularis,White-eared Sibia,留、普,無,無,特有種,,
C74,噪眉科,Leiothrichidae,491,黃胸藪眉,Liocichla steerii,Steere's Liocichla,留、普,無,無,特有種,,
C74,噪眉科,Leiothrichidae,492,紋翼畫眉,Actinodura morrisoniana,Taiwan Barwing,留、普,無,無,特有種,III,
C75,鶲科,Muscicapidae,493,斑鶲,Muscicapa striata,Spotted Flycatcher,迷,無,無,,,
C75,鶲科,Muscicapidae,494,烏鶲,Muscicapa sibirica,Dark-sided Flycatcher,過、稀,過、稀,過、稀,,,
C75,鶲科,Muscicapidae,495,寬嘴鶲,Muscicapa latirostris,Asian Brown Flycatcher,過、不普/冬、稀,過、普,過、不普,,,
C75,鶲科,Muscicapidae,496,灰斑鶲,Muscicapa griseisticta,Gray-streaked Flycatcher,過、不普,過、普,過、稀,,,
C75,鶲科,Muscicapidae,497,褐胸鶲,Muscicapa muttui,Brown-breasted Flycatcher,迷,無,無,,,
C75,鶲科,Muscicapidae,498,紅尾鶲,Muscicapa ferruginea,Ferruginous Flycatcher,夏、不普,過、稀,迷,,,
C75,鶲科,Muscicapidae,499,鵲鴝,Copsychus saularis,Oriental Magpie-Robin,引進種、稀,留、不普,留、普,,,
C75,鶲科,Muscicapidae,500,白腰鵲鴝,Copsychus malabaricus,White-rumped Shama,引進種、稀,無,無,,,
C75,鶲科,Muscicapidae,501,海南藍仙鶲,Cyornis hainanus,Hainan Blue-Flycatcher,迷,迷,無,,,
C75,鶲科,Muscicapidae,502,白喉林鶲,Cyornis brunneatus,Brown-chested Jungle-Flycatcher,迷,迷,無,,,
C75,鶲科,Muscicapidae,503,棕腹大仙鶲,Niltava davidi,Fujian Niltava,迷,無,無,,,
C75,鶲科,Muscicapidae,504,棕腹仙鶲,Niltava sundara,Rufous-bellied Niltava,迷,無,無,,,
C75,鶲科,Muscicapidae,505,黃腹琉璃,Niltava vivida,Vivid Niltava,留、不普,迷,無,特有亞種(N. v. vivida),III,
C75,鶲科,Muscicapidae,506,白腹琉璃,Cyanoptila cyanomelana,Blue-and-white Flycatcher,過、稀,過、稀,過、稀,,,
C75,鶲科,Muscicapidae,507,琉璃藍鶲,Cyanoptila cumatilis,Zappey's Flycatcher,,,,,,待討論、尚缺報告
C75,鶲科,Muscicapidae,508,銅藍鶲,Eumyias thalassinus,Verditer Flycatcher,冬、稀,過、稀,過、稀,,,
C75,鶲科,Muscicapidae,509,白喉短翅鶇,Brachypteryx leucophris,Lesser Shortwing,無,迷,無,,,
C75,鶲科,Muscicapidae,510,小翼鶇,Brachypteryx montana,White-browed Shortwing,留、普,無,無,特有亞種(B. m. goodfellowi),,
C75,鶲科,Muscicapidae,511,紅尾歌鴝,Larvivora sibilans,Rufous-tailed Robin,過、稀,過、稀,無,,,
C75,鶲科,Muscicapidae,512,日本歌鴝,Larvivora akahige,Japanese Robin,冬、稀,迷,無,,,
C75,鶲科,Muscicapidae,513,琉球歌鴝,Larvivora komadori,Ryukyu Robin,迷,無,無,,,
C75,鶲科,Muscicapidae,514,藍歌鴝,Larvivora cyane,Siberian Blue Robin,過、稀,過、稀,無,,,
C75,鶲科,Muscicapidae,515,藍喉鴝,Luscinia svecica,Bluethroat,冬、稀,過、稀,冬、稀,,,
C75,鶲科,Muscicapidae,516,台灣紫嘯鶇,Myophonus insularis,Taiwan Whistling-Thrush,留、普,無,無,特有種,,
C75,鶲科,Muscicapidae,517,白斑紫嘯鶇,Myophonus caeruleus,Blue Whistling-Thrush,迷,留、普,過、稀/留、稀,,,
C75,鶲科,Muscicapidae,518,小剪尾,Enicurus scouleri,Little Forktail,留、稀,無,無,特有亞種(E. s. fortis),II,
C75,鶲科,Muscicapidae,519,野鴝,Calliope calliope,Siberian Rubythroat,冬、不普/過、普,過、不普,冬、稀,,,
C75,鶲科,Muscicapidae,520,白尾鴝,Cinclidium leucurum,White-tailed Robin,留、不普,無,無,特有亞種(C. l. montium),III,
C75,鶲科,Muscicapidae,521,藍尾鴝,Tarsiger cyanurus,Red-flanked Bluetail,冬、不普,冬、不普,冬、不普,,,
C75,鶲科,Muscicapidae,522,白眉林鴝,Tarsiger indicus,White-browed Bush-Robin,留、稀,無,無,特有亞種(T. i. formosanus),III,
C75,鶲科,Muscicapidae,523,栗背林鴝,Tarsiger johnstoniae,Collared Bush-Robin,留、普,無,無,特有種,,
C75,鶲科,Muscicapidae,524,紅喉鶲,Ficedula albicilla,Taiga Flycatcher,冬、稀/過、稀,過、稀,過、稀,,,
C75,鶲科,Muscicapidae,525,白眉鶲,Ficedula zanthopygia,Korean Flycatcher,過、稀,過、稀,過、稀,,,
C75,鶲科,Muscicapidae,526,黃眉黃鶲,Ficedula narcissina,Narcissus Flycatcher,過、稀,過、稀,過、稀,,,
C75,鶲科,Muscicapidae,527,綠背姬鶲,Ficedula elisae,Green-backed Flycatcher,,,,,,待討論、尚缺報告
C75,鶲科,Muscicapidae,528,白眉黃鶲,Ficedula mugimaki,Mugimaki Flycatcher,冬、稀/過、稀,過、稀,過、稀,,,
C75,鶲科,Muscicapidae,529,銹胸藍姬鶲,Ficedula sordida,Slaty-backed Flycatcher,迷,無,無,,,
C75,鶲科,Muscicapidae,530,黃胸青鶲,Ficedula hyperythra,Snowy-browed Flycatcher,留、普,無,無,特有亞種(F. h. innexa),,
C75,鶲科,Muscicapidae,531,紅胸鶲,Ficedula parva,Red-breasted Flycatcher,冬、稀,過、稀,過、稀,,,
C75,鶲科,Muscicapidae,532,藍額紅尾鴝,Phoenicurus frontalis,Blue-fronted Redstart,迷,無,無,,,
C75,鶲科,Muscicapidae,533,鉛色水鶇,Phoenicurus fuliginosus,Plumbeous Redstart,留、普,過、稀,過、稀,特有亞種(R. f. affinis),III,
C75,鶲科,Muscicapidae,534,白頂溪鴝,Phoenicurus leucocephalus,White-capped Redstart,無,迷,無,,,
C75,鶲科,Muscicapidae,535,赭紅尾鴝,Phoenicurus ochruros,Black Redstart,迷,迷,無,,,
C75,鶲科,Muscicapidae,536,黃尾鴝,Phoenicurus auroreus,Daurian Redstart,冬、不普,冬、不普,冬、不普,,,
C75,鶲科,Muscicapidae,537,白喉磯鶇,Monticola gularis,White-throated Rock-Thrush,迷,過、稀,無,,,
C75,鶲科,Muscicapidae,538,藍磯鶇,Monticola solitarius,Blue Rock-Thrush,留、稀/冬、普,冬、普,冬、不普,,,
C75,鶲科,Muscicapidae,539,黑喉鴝,Saxicola maurus,Siberian Stonechat,冬、不普/過、不普,冬、不普/過、不普,冬、不普,,,
C75,鶲科,Muscicapidae,540,灰叢鴝,Saxicola ferreus,Gray Bushchat,過、稀,過、不普,過、稀,,,
C75,鶲科,Muscicapidae,541,黑斑白石䳭,Saxicola caprata,Pied Bushchat,無,迷,無,,,
C75,鶲科,Muscicapidae,542,穗䳭,Oenanthe oenanthe,Northern Wheatear,迷,無,無,,,
C75,鶲科,Muscicapidae,543,白頂䳭,Oenanthe pleschanka,Pied Wheatear,無,迷,無,,,
C75,鶲科,Muscicapidae,544,漠䳭,Oenanthe deserti,Desert Wheatear,迷,迷,無,,,
C75,鶲科,Muscicapidae,545,沙䳭,Oenanthe isabellina,Isabelline Wheatear,迷,無,無,,,
C76,鶇科,Turdidae,546,白眉地鶇,Geokichla sibirica,Siberian Thrush,過、稀,過、稀,過、稀,,,
C76,鶇科,Turdidae,547,橙頭地鶇,Geokichla citrina,Orange-headed Thrush,迷,過、稀,無,,,
C76,鶇科,Turdidae,548,白氏地鶇,Zoothera aurea,White's Thrush,冬、普,冬、不普,冬、不普,,,
C76,鶇科,Turdidae,549,虎斑地鶇,Zoothera dauma,Scaly Thrush,留、稀,無,無,,,
C76,鶇科,Turdidae,550,灰背鶇,Turdus hortulorum,Gray-backed Thrush,過、稀,過、稀,冬、稀,,,
C76,鶇科,Turdidae,551,烏灰鶇,Turdus cardis,Japanese Thrush,過、稀,過、稀,冬、不普,,,
C76,鶇科,Turdidae,552,黑鶇,Turdus mandarinus,Chinese Blackbird,冬、稀,冬、不普,留、不普,,,
C76,鶇科,Turdidae,553,白頭鶇,Turdus poliocephalus,Island Thrush,留、稀,無,無,特有亞種(T. p. niveiceps),II,
C76,鶇科,Turdidae,554,白眉鶇,Turdus obscurus,Eyebrowed Thrush,冬、不普,過、不普,冬、不普,,,
C76,鶇科,Turdidae,555,白腹鶇,Turdus pallidus,Pale Thrush,冬、普,過、不普,冬、不普,,,
C76,鶇科,Turdidae,556,赤腹鶇,Turdus chrysolaus,Brown-headed Thrush,冬、普,過、不普,冬、不普,,,
C76,鶇科,Turdidae,557,赤頸鶇,Turdus ruficollis,Red-throated Thrush,迷,迷,迷,,,
C76,鶇科,Turdidae,558,斑點鶇,Turdus eunomus,Dusky Thrush,冬、不普,過、不普,冬、不普,,,
C76,鶇科,Turdidae,559,紅尾鶇,Turdus naumanni,Naumann's Thrush,冬、不普,過、不普,冬、不普,,,
C76,鶇科,Turdidae,560,寶興歌鶇,Turdus mupinensis,Chinese Thrush,迷,迷,無,,,
C76,鶇科,Turdidae,561,黑頸鶇,Turdus atrogularis,Black-throated Thrush,迷,無,無,,,
C77,八哥科,Sturnidae,562,輝椋鳥,Aplonis panayensis,Asian Glossy Starling,引進種、不普,無,無,,,
C77,八哥科,Sturnidae,563,八哥,Acridotheres cristatellus,Crested Myna,留、不普,留、不普,留、普,特有亞種(A. c. formosanus),II,
C77,八哥科,Sturnidae,564,白尾八哥,Acridotheres javanicus,Javan Myna,引進種、普,無,引進種、稀,,,
C77,八哥科,Sturnidae,565,林八哥,Acridotheres fuscus,Jungle Myna,引進種、不普,引進種、稀,無,,,
C77,八哥科,Sturnidae,566,家八哥,Acridotheres tristis,Common Myna,引進種、普,引進種、稀,引進種、稀,,,
C77,八哥科,Sturnidae,567,黑領椋鳥,Gracupica nigricollis,Black-collared Starling,引進種、稀,無,留、不普,,,
C77,八哥科,Sturnidae,568,北椋鳥,Agropsar sturnina,Daurian Starling,過、稀,過、稀,無,,,
C77,八哥科,Sturnidae,569,小椋鳥,Agropsar philippensis,Chestnut-cheeked Starling,過、稀,過、稀,過、稀,,,
C77,八哥科,Sturnidae,570,灰背椋鳥,Sturnia sinensis,White-shouldered Starling,冬、不普,過、不普,過、不普,,,
C77,八哥科,Sturnidae,571,灰頭椋鳥,Sturnia malabarica,Chestnut-tailed Starling,引進種、稀,無,無,,,
C77,八哥科,Sturnidae,572,粉紅椋鳥,Pastor roseus,Rosy Starling,迷,迷,迷,,,
C77,八哥科,Sturnidae,573,絲光椋鳥,Spodiopsar sericeus,Red-billed Starling,冬、不普,過、不普,冬、不普,,,
C77,八哥科,Sturnidae,574,歐洲椋鳥,Sturnus vulgaris,European Starling,過、稀/冬、稀,過、稀,過、稀,,,
C77,八哥科,Sturnidae,575,灰椋鳥,Spodiopsar cineraceus,White-cheeked Starling,冬、不普,過、不普,冬、不普,,,
C78,啄花科,Dicaeidae,576,綠啄花,Dicaeum minullum,Plain Flowerpecker,留、不普,無,無,特有亞種(D. m. uchidai),,
C78,啄花科,Dicaeidae,577,紅胸啄花,Dicaeum ignipectus,Fire-breasted Flowerpecker,留、普,無,無,特有亞種(D. i. formosum),,
C79,吸蜜鳥科,Nectariniidae,578,黃腹花蜜鳥,Cinnyris jugularis,Olive-backed Sunbird,迷,無,無,,,
C79,吸蜜鳥科,Nectariniidae,579,叉尾太陽鳥,Aethopyga christinae,Fork-tailed Sunbird,迷,過、稀,留、稀,,,
C80,岩鷚科,Prunellidae,580,岩鷚,Prunella collaris,Alpine Accentor,留、普,無,無,特有亞種(P. c. fennelli),,
C80,岩鷚科,Prunellidae,581,棕眉山岩鷚,Prunella montanella,Siberian Accentor,迷,無,無,,,
C81,鶺鴒科,Motacillidae,582,西方黃鶺鴒,Motacilla flava,Western Yellow Wagtail,過、稀,過、稀,過、稀,,,
C81,鶺鴒科,Motacillidae,583,東方黃鶺鴒,Motacilla tschutschensis,Eastern Yellow Wagtail,冬、普/過、普,冬、不普/過、普,冬、不普/過、普,,,
C81,鶺鴒科,Motacillidae,584,黃頭鶺鴒,Motacilla citreola,Citrine Wagtail,過、稀,過、稀,過、稀,,,
C81,鶺鴒科,Motacillidae,585,灰鶺鴒,Motacilla cinerea,Gray Wagtail,冬、普,過、普,過、不普,,,
C81,鶺鴒科,Motacillidae,586,白鶺鴒,Motacilla alba,White Wagtail,留、普/冬、普,留、普/冬、普,留、普/冬、普,,,
C81,鶺鴒科,Motacillidae,587,日本鶺鴒,Motacilla grandis,Japanese Wagtail,迷,無,無,,,
C81,鶺鴒科,Motacillidae,588,大花鷚,Anthus richardi,Richard's Pipit,冬、不普,冬、不普,冬、普,,,
C81,鶺鴒科,Motacillidae,589,布萊氏鷚,Anthus godlewskii,Blyth's Pipit,迷,迷,迷,,,
C81,鶺鴒科,Motacillidae,590,草地鷚,Anthus pratensis,Meadow Pipit,迷,無,無,,,
C81,鶺鴒科,Motacillidae,591,林鷚,Anthus trivialis,Tree Pipit,迷,迷,迷,,,
C81,鶺鴒科,Motacillidae,592,樹鷚,Anthus hodgsoni,Olive-backed Pipit,冬、普,冬、普/過、不普,冬、普/過、不普,,,
C81,鶺鴒科,Motacillidae,593,白背鷚,Anthus gustavi,Pechora Pipit,過、稀,過、不普,過、稀,,,
C81,鶺鴒科,Motacillidae,594,赤喉鷚,Anthus cervinus,Red-throated Pipit,冬、不普,冬、不普,冬、不普,,,
C81,鶺鴒科,Motacillidae,595,水鷚,Anthus spinoletta,Water Pipit,迷,過、稀,過、稀,,,
C81,鶺鴒科,Motacillidae,596,黃腹鷚,Anthus rubescens,American Pipit,冬、稀,過、稀,過、稀,,,
C81,鶺鴒科,Motacillidae,597,山鶺鴒,Dendronanthus indicus,Forest Wagtail,冬、稀,過、稀,過、稀,,,
C82,連雀科,Bombycillidae,598,黃連雀,Bombycilla garrulus,Bohemian Waxwing,迷,過、稀,無,,,
C82,連雀科,Bombycillidae,599,朱連雀,Bombycilla japonica,Japanese Waxwing,迷,過、稀,無,,,
C83,鐵爪鵐科,Calcariidae,600,鐵爪鵐,Calcarius lapponicus,Lapland Longspur,迷,無,無,,,
C83,鐵爪鵐科,Calcariidae,601,雪鵐,Plectrophenax nivalis,Snow Bunting,迷,無,無,,,
C84,鵐科,Emberizidae,602,冠鵐,Melophus lathami,Crested Bunting,迷,過、稀,過、稀,,,
C84,鵐科,Emberizidae,603,白頭鵐,Emberiza leucocephalos,Pine Bunting,迷,無,無,,,
C84,鵐科,Emberizidae,604,草鵐,Emberiza cioides,Meadow Bunting,迷,迷,無,,,
C84,鵐科,Emberizidae,605,紅頸葦鵐,Emberiza yessoensis,Ochre-rumped Bunting,迷,無,無,,,
C84,鵐科,Emberizidae,606,白眉鵐,Emberiza tristrami,Tristram's Bunting,過、稀,過、不普,過、稀,,,
C84,鵐科,Emberizidae,607,赤胸鵐,Emberiza fucata,Chestnut-eared Bunting,過、稀,過、稀,過、稀,,,
C84,鵐科,Emberizidae,608,黃眉鵐,Emberiza chrysophrys,Yellow-browed Bunting,過、稀,冬、不普,過、稀,,,
C84,鵐科,Emberizidae,609,小鵐,Emberiza pusilla,Little Bunting,冬、稀/過、不普,留、不普/過、不普,過、不普,,,
C84,鵐科,Emberizidae,610,田鵐,Emberiza rustica,Rustic Bunting,過、稀,過、稀,過、稀,,,
C84,鵐科,Emberizidae,611,黃喉鵐,Emberiza elegans,Yellow-throated Bunting,冬、稀,過、不普,過、稀,,,
C84,鵐科,Emberizidae,612,金鵐,Emberiza aureola,Yellow-breasted Bunting,過、稀,過、普,過、稀,,,
C84,鵐科,Emberizidae,613,銹鵐,Emberiza rutila,Chestnut Bunting,過、不普,過、普,過、稀,,,
C84,鵐科,Emberizidae,614,黑頭鵐,Emberiza melanocephala,Black-headed Bunting,過、稀,過、稀,無,,,
C84,鵐科,Emberizidae,615,褐頭鵐,Emberiza bruniceps,Red-headed Bunting,迷,無,無,,,
C84,鵐科,Emberizidae,616,野鵐,Emberiza sulphurata,Yellow Bunting,過、稀,過、普,過、稀,,II,
C84,鵐科,Emberizidae,617,黑臉鵐,Emberiza spodocephala,Black-faced Bunting,冬、普,冬、普,冬、普,,,
C84,鵐科,Emberizidae,618,灰鵐,Emberiza variabilis,Gray Bunting,迷,迷,無,,,
C84,鵐科,Emberizidae,619,葦鵐,Emberiza pallasi,Pallas's Bunting,冬、稀,過、稀,過、稀,,,
C84,鵐科,Emberizidae,620,蘆鵐,Emberiza schoeniclus,Reed Bunting,迷,無,無,,,
C85,雀科,Fringillidae,621,花雀,Fringilla montifringilla,Brambling,冬、稀,過、稀,過、稀,,,
C85,雀科,Fringillidae,622,褐鷽,Pyrrhula nipalensis,Brown Bullfinch,留、不普,無,無,特有亞種(P. n. uchidae),,
C85,雀科,Fringillidae,623,灰鷽,Pyrrhula erythaca,Gray-headed Bullfinch,留、不普,無,無,特有亞種(P. e. owstoni),,
C85,雀科,Fringillidae,624,歐亞鷽,Pyrrhula pyrrhula,Eurasian Bullfinch,迷,無,無,,,
C85,雀科,Fringillidae,625,普通朱雀,Carpodacus erythrinus,Common Rosefinch,冬、稀,迷,迷,,,
C85,雀科,Fringillidae,626,台灣朱雀,Carpodacus formosanus,Taiwan Rosefinch,留、普,無,無,特有種,,
C85,雀科,Fringillidae,627,北朱雀,Carpodacus roseus,Pallas's Rosefinch,迷,無,無,,,
C85,雀科,Fringillidae,628,金翅雀,Chloris sinica,Oriental Greenfinch,冬、稀,留、不普,留、不普,,,
C85,雀科,Fringillidae,629,普通朱頂雀,Acanthis flammea,Common Redpoll,迷,無,無,,,
C85,雀科,Fringillidae,630,黃雀,Spinus spinus,Eurasian Siskin,冬、稀,過、不普,過、不普,,,
C85,雀科,Fringillidae,631,臘嘴雀,Coccothraustes coccothraustes,Hawfinch,冬、稀,過、稀,過、稀,,,
C85,雀科,Fringillidae,632,小桑鳲,Eophona migratoria,Yellow-billed Grosbeak,冬、稀,留、不普,留、稀,,,
C85,雀科,Fringillidae,633,桑鳲,Eophona personata,Japanese Grosbeak,冬、稀,過、稀,過、稀,,,
C86,麻雀科,Passeridae,634,家麻雀,Passer domesticus,House Sparrow,迷,無,無,,,
C86,麻雀科,Passeridae,635,山麻雀,Passer rutilans,Russet Sparrow,留、稀,無,無,,I,
C86,麻雀科,Passeridae,636,麻雀,Passer montanus,Eurasian Tree Sparrow,留、普,留、普,留、普,,,
C87,梅花雀科,Estrildidae,637,橙頰梅花雀,Estrilda melpoda,Orange-cheeked Waxbill,引進種、不普,無,無,,,
C87,梅花雀科,Estrildidae,638,白喉文鳥,Euodice malabarica,Indian Silverbill,引進種、不普,無,無,,,
C87,梅花雀科,Estrildidae,639,白腰文鳥,Lonchura striata,White-rumped Munia,留、普,迷,無,,,
C87,梅花雀科,Estrildidae,640,斑文鳥,Lonchura punctulata,Nutmeg Mannikin,留、普,留、不普,留、普,,,
C87,梅花雀科,Estrildidae,641,黑頭文鳥,Lonchura atricapilla,Chestnut Munia,留、稀,無,迷,,,
